state,honey_colonies,yield_per_col,production,stocks,avg_price_per_lb,prod_value,state_code,year
Alabama,16.0,78.0,1248.0,187.0,59.0,736.0,AL,2000
Arizona,40.0,59.0,2360.0,1322.0,73.0,1723.0,AZ,2000
Arkansas,55.0,93.0,5115.0,3529.0,57.0,2916.0,AR,2000
California,440.0,70.0,30800.0,11396.0,59.0,18172.0,CA,2000
Colorado,29.0,60.0,1740.0,957.0,62.0,1079.0,CO,2000
Florida,232.0,105.0,24360.0,2923.0,54.0,13154.0,FL,2000
Georgia,55.0,57.0,3135.0,376.0,63.0,1975.0,GA,2000
Hawaii,7.0,112.0,784.0,125.0,82.0,643.0,HI,2000
Idaho,100.0,47.0,4700.0,2679.0,52.0,2444.0,ID,2000
Illinois,8.0,61.0,488.0,146.0,117.0,571.0,IL,2000
Indiana,8.0,65.0,520.0,286.0,103.0,536.0,IN,2000
Iowa,30.0,67.0,2010.0,1206.0,68.0,1367.0,IA,2000
Kansas,15.0,68.0,1020.0,520.0,91.0,928.0,KS,2000
Kentucky,3.0,48.0,144.0,40.0,135.0,194.0,KY,2000
Louisiana,43.0,94.0,4042.0,1334.0,52.0,2102.0,LA,2000
Maine,11.0,21.0,231.0,143.0,75.0,173.0,ME,2000
Maryland,6.0,46.0,276.0,52.0,114.0,315.0,MD,2000
Michigan,72.0,75.0,5400.0,2970.0,60.0,3240.0,MI,2000
Minnesota,150.0,90.0,13500.0,3105.0,57.0,7695.0,MN,2000
Mississippi,17.0,72.0,1224.0,649.0,69.0,845.0,MS,2000
Missouri,23.0,75.0,1725.0,362.0,60.0,1035.0,MO,2000
Montana,124.0,88.0,10912.0,4692.0,59.0,6438.0,MT,2000
Nebraska,50.0,87.0,4350.0,2610.0,59.0,2567.0,NE,2000
Nevada,10.0,35.0,350.0,95.0,145.0,508.0,NV,2000
New Jersey,11.0,35.0,385.0,200.0,61.0,235.0,NJ,2000
New Mexico,15.0,64.0,960.0,739.0,72.0,691.0,NM,2000
New York,58.0,80.0,4640.0,2274.0,55.0,2552.0,NY,2000
North Carolina,11.0,49.0,539.0,243.0,143.0,771.0,NC,2000
North Dakota,300.0,115.0,34500.0,13800.0,57.0,19665.0,ND,2000
Ohio,18.0,65.0,1170.0,585.0,79.0,924.0,OH,2000
Oklahoma,7.0,35.0,245.0,64.0,126.0,309.0,OK,2000
Oregon,48.0,51.0,2448.0,1665.0,66.0,1616.0,OR,2000
Pennsylvania,22.0,45.0,990.0,554.0,76.0,752.0,PA,2000
South Dakota,235.0,121.0,28435.0,12796.0,58.0,16492.0,SD,2000
Tennessee,9.0,61.0,549.0,104.0,143.0,785.0,TN,2000
Texas,105.0,79.0,8295.0,2986.0,57.0,4728.0,TX,2000
Utah,24.0,41.0,984.0,462.0,60.0,590.0,UT,2000
Vermont,7.0,59.0,413.0,211.0,68.0,281.0,VT,2000
Virginia,7.0,42.0,294.0,103.0,150.0,441.0,VA,2000
Washington,52.0,54.0,2808.0,1151.0,58.0,1629.0,WA,2000
West Virginia,7.0,54.0,378.0,234.0,122.0,461.0,WV,2000
Wisconsin,84.0,90.0,7560.0,4385.0,68.0,5141.0,WI,2000
Alabama,14.0,73.0,1022.0,235.0,72.0,736.0,AL,2001
Arizona,43.0,59.0,2537.0,1142.0,72.0,1827.0,AZ,2001
Arkansas,58.0,98.0,5684.0,1876.0,65.0,3695.0,AR,2001
California,425.0,65.0,27625.0,7735.0,69.0,19061.0,CA,2001
Colorado,26.0,55.0,1430.0,529.0,71.0,1015.0,CO,2001
Florida,220.0,100.0,22000.0,3432.0,64.0,14080.0,FL,2001
Georgia,55.0,57.0,3135.0,188.0,70.0,2195.0,GA,2001
Hawaii,8.0,87.0,696.0,84.0,87.0,606.0,HI,2001
Idaho,100.0,46.0,4600.0,1610.0,67.0,3082.0,ID,2001
Illinois,6.0,76.0,456.0,251.0,158.0,720.0,IL,2001
Indiana,7.0,76.0,532.0,186.0,92.0,489.0,IN,2001
Iowa,33.0,51.0,1683.0,875.0,75.0,1262.0,IA,2001
Kansas,13.0,51.0,663.0,530.0,96.0,636.0,KS,2001
Kentucky,3.0,78.0,234.0,94.0,141.0,330.0,KY,2001
Louisiana,45.0,106.0,4770.0,572.0,60.0,2862.0,LA,2001
Maine,11.0,20.0,220.0,106.0,79.0,174.0,ME,2001
Maryland,4.0,46.0,184.0,55.0,160.0,294.0,MD,2001
Michigan,76.0,60.0,4560.0,2827.0,81.0,3694.0,MI,2001
Minnesota,135.0,81.0,10935.0,1859.0,65.0,7108.0,MN,2001
Mississippi,17.0,66.0,1122.0,224.0,89.0,999.0,MS,2001
Missouri,25.0,61.0,1525.0,381.0,71.0,1083.0,MO,2001
Montana,136.0,102.0,13872.0,4578.0,67.0,9294.0,MT,2001
Nebraska,43.0,48.0,2064.0,1115.0,72.0,1486.0,NE,2001
Nevada,9.0,50.0,450.0,36.0,214.0,963.0,NV,2001
New Jersey,11.0,34.0,374.0,71.0,85.0,318.0,NJ,2001
New Mexico,10.0,70.0,700.0,350.0,66.0,462.0,NM,2001
New York,53.0,70.0,3710.0,1781.0,79.0,2931.0,NY,2001
North Carolina,13.0,44.0,572.0,172.0,148.0,847.0,NC,2001
North Dakota,280.0,96.0,26880.0,9408.0,69.0,18547.0,ND,2001
Ohio,16.0,81.0,1296.0,505.0,101.0,1309.0,OH,2001
Oklahoma,4.0,47.0,188.0,105.0,143.0,269.0,OK,2001
Oregon,44.0,44.0,1936.0,1200.0,74.0,1433.0,OR,2001
Pennsylvania,17.0,57.0,969.0,514.0,92.0,891.0,PA,2001
South Carolina,7.0,40.0,280.0,67.0,79.0,221.0,SC,2001
South Dakota,235.0,65.0,15275.0,12220.0,71.0,10845.0,SD,2001
Tennessee,8.0,59.0,472.0,131.0,139.0,656.0,TN,2001
Texas,97.0,79.0,7663.0,1533.0,65.0,4981.0,TX,2001
Utah,23.0,38.0,874.0,315.0,65.0,568.0,UT,2001
Vermont,7.0,81.0,567.0,249.0,92.0,522.0,VT,2001
Virginia,9.0,52.0,468.0,94.0,126.0,590.0,VA,2001
Washington,42.0,52.0,2184.0,917.0,72.0,1572.0,WA,2001
West Virginia,7.0,65.0,455.0,410.0,142.0,646.0,WV,2001
Wisconsin,67.0,81.0,5427.0,3419.0,82.0,4450.0,WI,2001
Alabama,12.0,86.0,1032.0,103.0,118.0,1218.0,AL,2002
Arizona,38.0,63.0,2394.0,1197.0,108.0,2586.0,AZ,2002
Arkansas,45.0,88.0,3960.0,871.0,126.0,4990.0,AR,2002
California,470.0,50.0,23500.0,3525.0,132.0,31020.0,CA,2002
Colorado,24.0,60.0,1440.0,576.0,129.0,1858.0,CO,2002
Florida,220.0,93.0,20460.0,2026.0,114.0,23324.0,FL,2002
Georgia,50.0,52.0,2600.0,52.0,113.0,2938.0,GA,2002
Hawaii,7.0,136.0,952.0,29.0,111.0,1057.0,HI,2002
Idaho,100.0,57.0,5700.0,1653.0,137.0,7809.0,ID,2002
Illinois,9.0,80.0,720.0,130.0,147.0,1058.0,IL,2002
Indiana,8.0,62.0,496.0,233.0,119.0,590.0,IN,2002
Iowa,33.0,70.0,2310.0,901.0,143.0,3303.0,IA,2002
Kansas,17.0,52.0,884.0,407.0,150.0,1326.0,KS,2002
Kentucky,5.0,54.0,270.0,78.0,163.0,440.0,KY,2002
Louisiana,35.0,124.0,4340.0,347.0,116.0,5034.0,LA,2002
Maine,11.0,41.0,451.0,266.0,121.0,546.0,ME,2002
Maryland,3.0,46.0,138.0,21.0,196.0,270.0,MD,2002
Michigan,72.0,77.0,5544.0,1885.0,140.0,7762.0,MI,2002
Minnesota,117.0,73.0,8541.0,1110.0,147.0,12555.0,MN,2002
Mississippi,18.0,78.0,1404.0,281.0,123.0,1727.0,MS,2002
Missouri,18.0,50.0,900.0,189.0,142.0,1278.0,MO,2002
Montana,134.0,63.0,8442.0,1097.0,138.0,11650.0,MT,2002
Nebraska,43.0,75.0,3225.0,1161.0,149.0,4805.0,NE,2002
Nevada,9.0,62.0,558.0,61.0,267.0,1490.0,NV,2002
New Jersey,11.0,40.0,440.0,92.0,100.0,440.0,NJ,2002
New Mexico,11.0,44.0,484.0,252.0,110.0,532.0,NM,2002
New York,60.0,98.0,5880.0,2470.0,125.0,7350.0,NY,2002
North Carolina,16.0,42.0,672.0,74.0,141.0,948.0,NC,2002
North Dakota,320.0,75.0,24000.0,8160.0,146.0,35040.0,ND,2002
Ohio,18.0,70.0,1260.0,504.0,144.0,1814.0,OH,2002
Oklahoma,3.0,53.0,159.0,51.0,163.0,259.0,OK,2002
Oregon,43.0,49.0,2107.0,885.0,135.0,2844.0,OR,2002
Pennsylvania,29.0,57.0,1653.0,827.0,134.0,2215.0,PA,2002
South Carolina,5.0,94.0,470.0,14.0,125.0,588.0,SC,2002
South Dakota,225.0,51.0,11475.0,2410.0,142.0,16295.0,SD,2002
Tennessee,8.0,61.0,488.0,137.0,140.0,683.0,TN,2002
Texas,114.0,67.0,7638.0,985.0,114.0,8707.0,TX,2002
Utah,22.0,59.0,1298.0,208.0,130.0,1687.0,UT,2002
Vermont,7.0,89.0,623.0,274.0,120.0,748.0,VT,2002
Virginia,8.0,38.0,304.0,79.0,190.0,578.0,VA,2002
Washington,50.0,51.0,2550.0,561.0,127.0,3239.0,WA,2002
West Virginia,9.0,51.0,459.0,151.0,132.0,606.0,WV,2002
Wisconsin,70.0,95.0,6650.0,2461.0,134.0,8911.0,WI,2002
Alabama,13.0,82.0,1066.0,43.0,124.0,1322.0,AL,2003
Arizona,35.0,72.0,2520.0,983.0,134.0,3377.0,AZ,2003
Arkansas,40.0,75.0,3000.0,810.0,126.0,3780.0,AR,2003
California,480.0,67.0,32160.0,6432.0,139.0,44702.0,CA,2003
Colorado,24.0,86.0,2064.0,722.0,140.0,2890.0,CO,2003
Florida,210.0,71.0,14910.0,1491.0,132.0,19681.0,FL,2003
Georgia,52.0,65.0,3380.0,270.0,128.0,4326.0,GA,2003
Hawaii,7.0,114.0,798.0,43.0,145.0,1157.0,HI,2003
Idaho,100.0,46.0,4600.0,1380.0,133.0,6118.0,ID,2003
Illinois,7.0,60.0,420.0,252.0,183.0,769.0,IL,2003
Indiana,5.0,56.0,280.0,78.0,166.0,465.0,IN,2003
Iowa,32.0,59.0,1888.0,868.0,142.0,2681.0,IA,2003
Kansas,16.0,57.0,912.0,447.0,141.0,1286.0,KS,2003
Kentucky,5.0,48.0,240.0,14.0,167.0,401.0,KY,2003
Louisiana,34.0,90.0,3060.0,275.0,124.0,3794.0,LA,2003
Maine,8.0,33.0,264.0,145.0,141.0,372.0,ME,2003
Maryland,2.0,42.0,84.0,21.0,193.0,162.0,MD,2003
Michigan,65.0,74.0,4810.0,1732.0,141.0,6782.0,MI,2003
Minnesota,120.0,83.0,9960.0,1892.0,144.0,14342.0,MN,2003
Mississippi,21.0,69.0,1449.0,246.0,129.0,1869.0,MS,2003
Missouri,17.0,53.0,901.0,189.0,141.0,1270.0,MO,2003
Montana,145.0,66.0,9570.0,1914.0,144.0,13781.0,MT,2003
Nebraska,45.0,74.0,3330.0,1299.0,138.0,4595.0,NE,2003
Nevada,6.0,64.0,384.0,46.0,204.0,783.0,NV,2003
New Jersey,10.0,19.0,190.0,101.0,160.0,304.0,NJ,2003
New Mexico,6.0,41.0,246.0,108.0,120.0,295.0,NM,2003
New York,67.0,72.0,4824.0,1640.0,136.0,6561.0,NY,2003
North Carolina,10.0,44.0,440.0,79.0,192.0,845.0,NC,2003
North Dakota,340.0,87.0,29580.0,6803.0,136.0,40229.0,ND,2003
Ohio,15.0,50.0,750.0,278.0,140.0,1050.0,OH,2003
Oklahoma,3.0,47.0,141.0,69.0,184.0,259.0,OK,2003
Oregon,42.0,51.0,2142.0,964.0,127.0,2720.0,OR,2003
Pennsylvania,27.0,50.0,1350.0,419.0,144.0,1944.0,PA,2003
South Carolina,4.0,70.0,280.0,8.0,189.0,529.0,SC,2003
South Dakota,215.0,70.0,15050.0,2709.0,143.0,21522.0,SD,2003
Tennessee,6.0,40.0,240.0,46.0,152.0,365.0,TN,2003
Texas,140.0,67.0,9380.0,1126.0,140.0,13132.0,TX,2003
Utah,25.0,57.0,1425.0,157.0,128.0,1824.0,UT,2003
Vermont,7.0,83.0,581.0,163.0,196.0,1139.0,VT,2003
Virginia,6.0,37.0,222.0,69.0,168.0,373.0,VA,2003
Washington,58.0,56.0,3248.0,942.0,146.0,4742.0,WA,2003
West Virginia,8.0,47.0,376.0,194.0,189.0,711.0,WV,2003
Wisconsin,74.0,77.0,5698.0,2678.0,147.0,8376.0,WI,2003
Alabama,12.0,87.0,1044.0,282.0,141.0,1472.0,AL,2004
Arizona,32.0,55.0,1760.0,774.0,111.0,1954.0,AZ,2004
Arkansas,40.0,57.0,2280.0,388.0,86.0,1961.0,AR,2004
California,390.0,45.0,17550.0,5792.0,101.0,17726.0,CA,2004
Colorado,23.0,80.0,1840.0,791.0,135.0,2484.0,CO,2004
Florida,205.0,98.0,20090.0,2009.0,100.0,20090.0,FL,2004
Georgia,63.0,49.0,3087.0,648.0,119.0,3674.0,GA,2004
Hawaii,8.0,96.0,768.0,77.0,159.0,1221.0,HI,2004
Idaho,100.0,63.0,6300.0,2520.0,99.0,6237.0,ID,2004
Illinois,7.0,55.0,385.0,193.0,186.0,716.0,IL,2004
Indiana,7.0,59.0,413.0,145.0,149.0,615.0,IN,2004
Iowa,35.0,67.0,2345.0,1337.0,106.0,2486.0,IA,2004
Kansas,14.0,80.0,1120.0,683.0,117.0,1310.0,KS,2004
Kentucky,5.0,56.0,280.0,34.0,196.0,549.0,KY,2004
Louisiana,35.0,98.0,3430.0,240.0,78.0,2675.0,LA,2004
Maine,7.0,31.0,217.0,37.0,128.0,278.0,ME,2004
Michigan,65.0,67.0,4355.0,2439.0,114.0,4965.0,MI,2004
Minnesota,135.0,75.0,10125.0,1924.0,104.0,10530.0,MN,2004
Mississippi,18.0,65.0,1170.0,421.0,79.0,924.0,MS,2004
Missouri,16.0,41.0,656.0,151.0,138.0,905.0,MO,2004
Montana,140.0,77.0,10780.0,3773.0,105.0,11319.0,MT,2004
Nebraska,51.0,89.0,4539.0,2043.0,97.0,4403.0,NE,2004
Nevada,14.0,55.0,770.0,316.0,247.0,1902.0,NV,2004
New Jersey,12.0,27.0,324.0,45.0,141.0,457.0,NJ,2004
New Mexico,8.0,44.0,352.0,127.0,119.0,419.0,NM,2004
New York,64.0,67.0,4288.0,1887.0,138.0,5917.0,NY,2004
North Carolina,9.0,40.0,360.0,72.0,193.0,695.0,NC,2004
North Dakota,390.0,78.0,30420.0,9126.0,102.0,31028.0,ND,2004
Ohio,16.0,58.0,928.0,353.0,152.0,1411.0,OH,2004
Oregon,42.0,54.0,2268.0,1111.0,121.0,2744.0,OR,2004
Pennsylvania,30.0,54.0,1620.0,810.0,142.0,2300.0,PA,2004
South Dakota,215.0,105.0,22575.0,13545.0,100.0,22575.0,SD,2004
Tennessee,6.0,54.0,324.0,91.0,173.0,561.0,TN,2004
Texas,116.0,76.0,8816.0,1411.0,95.0,8375.0,TX,2004
Utah,23.0,70.0,1610.0,531.0,107.0,1723.0,UT,2004
Vermont,6.0,68.0,408.0,192.0,151.0,616.0,VT,2004
Virginia,7.0,38.0,266.0,69.0,209.0,556.0,VA,2004
Washington,56.0,63.0,3528.0,1376.0,98.0,3457.0,WA,2004
West Virginia,9.0,55.0,495.0,183.0,141.0,698.0,WV,2004
Wisconsin,68.0,86.0,5848.0,2632.0,119.0,6959.0,WI,2004
Alabama,13.0,66.0,858.0,266.0,110.0,944.0,AL,2005
Arizona,36.0,50.0,1800.0,720.0,105.0,1890.0,AZ,2005
Arkansas,36.0,69.0,2484.0,571.0,83.0,2062.0,AR,2005
California,400.0,75.0,30000.0,9300.0,84.0,25200.0,CA,2005
Colorado,28.0,70.0,1960.0,902.0,97.0,1901.0,CO,2005
Florida,160.0,86.0,13760.0,2477.0,86.0,11834.0,FL,2005
Georgia,59.0,49.0,2891.0,434.0,89.0,2573.0,GA,2005
Hawaii,9.0,131.0,1179.0,283.0,143.0,1686.0,HI,2005
Idaho,95.0,37.0,3515.0,1793.0,80.0,2812.0,ID,2005
Illinois,8.0,85.0,680.0,408.0,186.0,1265.0,IL,2005
Indiana,8.0,64.0,512.0,189.0,122.0,625.0,IN,2005
Iowa,28.0,88.0,2464.0,1232.0,122.0,3006.0,IA,2005
Kansas,16.0,50.0,800.0,328.0,109.0,872.0,KS,2005
Kentucky,5.0,50.0,250.0,40.0,208.0,520.0,KY,2005
Louisiana,35.0,97.0,3395.0,611.0,72.0,2444.0,LA,2005
Maine,8.0,26.0,208.0,193.0,166.0,345.0,ME,2005
Michigan,65.0,68.0,4420.0,2519.0,96.0,4243.0,MI,2005
Minnesota,120.0,74.0,8880.0,1598.0,79.0,7015.0,MN,2005
Mississippi,16.0,80.0,1280.0,346.0,67.0,858.0,MS,2005
Missouri,15.0,50.0,750.0,180.0,122.0,915.0,MO,2005
Montana,130.0,67.0,8710.0,3136.0,83.0,7229.0,MT,2005
Nebraska,40.0,68.0,2720.0,2530.0,82.0,2230.0,NE,2005
Nevada,12.0,46.0,552.0,442.0,311.0,1717.0,NV,2005
New Jersey,12.0,32.0,384.0,104.0,121.0,465.0,NJ,2005
New Mexico,7.0,49.0,343.0,113.0,103.0,353.0,NM,2005
New York,60.0,73.0,4380.0,2321.0,138.0,6044.0,NY,2005
North Carolina,10.0,54.0,540.0,146.0,188.0,1015.0,NC,2005
North Dakota,370.0,91.0,33670.0,8418.0,82.0,27609.0,ND,2005
Ohio,15.0,69.0,1035.0,580.0,142.0,1470.0,OH,2005
Oregon,39.0,42.0,1638.0,557.0,107.0,1753.0,OR,2005
Pennsylvania,28.0,56.0,1568.0,800.0,113.0,1772.0,PA,2005
South Dakota,220.0,79.0,17380.0,11818.0,79.0,13730.0,SD,2005
Tennessee,7.0,55.0,385.0,92.0,170.0,655.0,TN,2005
Texas,84.0,71.0,5964.0,954.0,87.0,5189.0,TX,2005
Utah,23.0,45.0,1035.0,331.0,102.0,1056.0,UT,2005
Vermont,6.0,91.0,546.0,169.0,112.0,612.0,VT,2005
Virginia,8.0,37.0,296.0,59.0,222.0,657.0,VA,2005
Washington,51.0,55.0,2805.0,1935.0,102.0,2861.0,WA,2005
West Virginia,8.0,51.0,408.0,102.0,130.0,530.0,WV,2005
Wisconsin,64.0,83.0,5312.0,2922.0,119.0,6321.0,WI,2005
Alabama,11.0,72.0,792.0,230.0,133.0,1053.0,AL,2006
Arizona,30.0,65.0,1950.0,839.0,93.0,1814.0,AZ,2006
Arkansas,32.0,76.0,2432.0,730.0,91.0,2213.0,AR,2006
California,380.0,52.0,19760.0,7706.0,99.0,19562.0,CA,2006
Colorado,36.0,75.0,2700.0,1458.0,110.0,2970.0,CO,2006
Florida,170.0,81.0,13770.0,1790.0,101.0,13908.0,FL,2006
Georgia,63.0,74.0,4662.0,746.0,122.0,5688.0,GA,2006
Hawaii,10.0,93.0,930.0,233.0,121.0,1125.0,HI,2006
Idaho,95.0,44.0,4180.0,2592.0,100.0,4180.0,ID,2006
Illinois,10.0,66.0,660.0,356.0,217.0,1432.0,IL,2006
Indiana,6.0,54.0,324.0,107.0,158.0,512.0,IN,2006
Iowa,26.0,84.0,2184.0,1441.0,138.0,3014.0,IA,2006
Kansas,14.0,55.0,770.0,246.0,122.0,939.0,KS,2006
Kentucky,5.0,56.0,280.0,70.0,220.0,616.0,KY,2006
Louisiana,30.0,90.0,2700.0,675.0,90.0,2430.0,LA,2006
Maine,11.0,23.0,253.0,86.0,161.0,407.0,ME,2006
Michigan,72.0,55.0,3960.0,2099.0,117.0,4633.0,MI,2006
Minnesota,125.0,80.0,10000.0,3300.0,96.0,9600.0,MN,2006
Mississippi,14.0,98.0,1372.0,453.0,93.0,1276.0,MS,2006
Missouri,15.0,46.0,690.0,117.0,105.0,725.0,MO,2006
Montana,132.0,79.0,10428.0,1981.0,96.0,10011.0,MT,2006
Nebraska,47.0,73.0,3431.0,3843.0,94.0,3225.0,NE,2006
Nevada,9.0,37.0,333.0,50.0,362.0,1205.0,NV,2006
New Jersey,9.0,36.0,324.0,152.0,115.0,373.0,NJ,2006
New Mexico,7.0,48.0,336.0,104.0,119.0,400.0,NM,2006
New York,60.0,64.0,3840.0,2458.0,130.0,4992.0,NY,2006
North Carolina,10.0,50.0,500.0,215.0,158.0,790.0,NC,2006
North Dakota,350.0,74.0,25900.0,7770.0,92.0,23828.0,ND,2006
Ohio,14.0,56.0,784.0,282.0,142.0,1113.0,OH,2006
Oregon,46.0,48.0,2208.0,729.0,106.0,2340.0,OR,2006
Pennsylvania,28.0,40.0,1120.0,605.0,163.0,1826.0,PA,2006
South Dakota,225.0,47.0,10575.0,10575.0,95.0,10046.0,SD,2006
Tennessee,7.0,55.0,385.0,58.0,186.0,716.0,TN,2006
Texas,82.0,70.0,5740.0,976.0,91.0,5223.0,TX,2006
Utah,23.0,50.0,1150.0,265.0,101.0,1162.0,UT,2006
Vermont,6.0,56.0,336.0,144.0,120.0,403.0,VT,2006
Virginia,8.0,42.0,336.0,114.0,227.0,763.0,VA,2006
Washington,49.0,52.0,2548.0,1605.0,125.0,3185.0,WA,2006
West Virginia,5.0,42.0,210.0,57.0,202.0,424.0,WV,2006
Wisconsin,64.0,93.0,5952.0,2500.0,114.0,6785.0,WI,2006
Alabama,11.0,56.0,616.0,209.0,149.0,918.0,AL,2007
Arizona,30.0,64.0,1920.0,902.0,126.0,2419.0,AZ,2007
Arkansas,28.0,80.0,2240.0,672.0,95.0,2128.0,AR,2007
California,340.0,40.0,13600.0,3672.0,104.0,14144.0,CA,2007
Colorado,31.0,51.0,1581.0,838.0,115.0,1818.0,CO,2007
Florida,160.0,71.0,11360.0,1363.0,99.0,11246.0,FL,2007
Georgia,60.0,58.0,3480.0,522.0,119.0,4141.0,GA,2007
Hawaii,10.0,92.0,920.0,285.0,170.0,1564.0,HI,2007
Idaho,92.0,41.0,3772.0,1848.0,115.0,4338.0,ID,2007
Illinois,9.0,63.0,567.0,374.0,249.0,1412.0,IL,2007
Indiana,8.0,53.0,424.0,119.0,150.0,636.0,IN,2007
Iowa,26.0,81.0,2106.0,1221.0,131.0,2759.0,IA,2007
Kansas,14.0,40.0,560.0,196.0,118.0,661.0,KS,2007
Kentucky,4.0,61.0,244.0,54.0,212.0,517.0,KY,2007
Louisiana,29.0,89.0,2581.0,413.0,108.0,2787.0,LA,2007
Maine,9.0,26.0,234.0,59.0,132.0,309.0,ME,2007
Michigan,72.0,64.0,4608.0,2350.0,119.0,5484.0,MI,2007
Minnesota,130.0,68.0,8840.0,2564.0,104.0,9194.0,MN,2007
Mississippi,15.0,92.0,1380.0,166.0,91.0,1256.0,MS,2007
Missouri,14.0,46.0,644.0,148.0,112.0,721.0,MO,2007
Montana,135.0,68.0,9180.0,2479.0,99.0,9088.0,MT,2007
Nebraska,45.0,49.0,2205.0,1477.0,103.0,2271.0,NE,2007
Nevada,10.0,28.0,280.0,67.0,299.0,837.0,NV,2007
New Jersey,9.0,57.0,513.0,185.0,196.0,1005.0,NJ,2007
New Mexico,6.0,59.0,354.0,138.0,142.0,503.0,NM,2007
New York,53.0,57.0,3021.0,1843.0,138.0,4169.0,NY,2007
North Carolina,12.0,45.0,540.0,76.0,249.0,1345.0,NC,2007
North Dakota,420.0,74.0,31080.0,9013.0,96.0,29837.0,ND,2007
Ohio,14.0,61.0,854.0,376.0,177.0,1512.0,OH,2007
Oregon,46.0,43.0,1978.0,1088.0,131.0,2591.0,OR,2007
Pennsylvania,25.0,42.0,1050.0,326.0,170.0,1785.0,PA,2007
South Dakota,255.0,52.0,13260.0,10608.0,102.0,13525.0,SD,2007
Tennessee,7.0,65.0,455.0,114.0,199.0,905.0,TN,2007
Texas,105.0,82.0,8610.0,1550.0,96.0,8266.0,TX,2007
Utah,28.0,42.0,1176.0,270.0,113.0,1329.0,UT,2007
Vermont,5.0,64.0,320.0,96.0,170.0,544.0,VT,2007
Virginia,6.0,46.0,276.0,63.0,243.0,671.0,VA,2007
Washington,46.0,44.0,2024.0,648.0,125.0,2530.0,WA,2007
West Virginia,6.0,48.0,288.0,95.0,209.0,602.0,WV,2007
Wisconsin,60.0,84.0,5040.0,3024.0,122.0,6149.0,WI,2007
Alabama,9.0,66.0,594.0,214.0,190.0,1129.0,AL,2008
Arizona,25.0,64.0,1600.0,336.0,126.0,2016.0,AZ,2008
Arkansas,28.0,75.0,2100.0,525.0,135.0,2835.0,AR,2008
California,360.0,51.0,18360.0,4039.0,139.0,25520.0,CA,2008
Colorado,27.0,45.0,1215.0,656.0,151.0,1835.0,CO,2008
Florida,150.0,79.0,11850.0,1304.0,132.0,15642.0,FL,2008
Georgia,65.0,71.0,4615.0,369.0,152.0,7015.0,GA,2008
Hawaii,10.0,90.0,900.0,225.0,159.0,1431.0,HI,2008
Idaho,90.0,40.0,3600.0,1440.0,146.0,5256.0,ID,2008
Illinois,8.0,56.0,448.0,116.0,259.0,1160.0,IL,2008
Indiana,7.0,67.0,469.0,150.0,168.0,788.0,IN,2008
Iowa,24.0,62.0,1488.0,580.0,158.0,2351.0,IA,2008
Kansas,10.0,61.0,610.0,128.0,155.0,946.0,KS,2008
Kentucky,4.0,39.0,156.0,27.0,244.0,381.0,KY,2008
Louisiana,40.0,77.0,3080.0,493.0,136.0,4189.0,LA,2008
Maine,7.0,42.0,294.0,79.0,157.0,462.0,ME,2008
Michigan,71.0,73.0,5183.0,2021.0,144.0,7464.0,MI,2008
Minnesota,122.0,78.0,9516.0,2569.0,139.0,13227.0,MN,2008
Mississippi,14.0,98.0,1372.0,110.0,130.0,1784.0,MS,2008
Missouri,11.0,53.0,583.0,152.0,168.0,979.0,MO,2008
Montana,134.0,70.0,9380.0,4596.0,137.0,12851.0,MT,2008
Nebraska,36.0,67.0,2412.0,1254.0,145.0,3497.0,NE,2008
Nevada,10.0,29.0,290.0,52.0,142.0,412.0,NV,2008
New Jersey,9.0,40.0,360.0,122.0,162.0,583.0,NJ,2008
New Mexico,6.0,48.0,288.0,95.0,148.0,426.0,NM,2008
New York,50.0,70.0,3500.0,1260.0,165.0,5775.0,NY,2008
North Carolina,12.0,52.0,624.0,137.0,218.0,1360.0,NC,2008
North Dakota,400.0,90.0,36000.0,8640.0,136.0,48960.0,ND,2008
Ohio,14.0,53.0,742.0,371.0,168.0,1247.0,OH,2008
Oregon,50.0,43.0,2150.0,1097.0,141.0,3032.0,OR,2008
Pennsylvania,23.0,48.0,1104.0,276.0,165.0,1822.0,PA,2008
South Dakota,225.0,95.0,21375.0,11970.0,134.0,28643.0,SD,2008
Tennessee,7.0,61.0,427.0,149.0,209.0,892.0,TN,2008
Texas,77.0,64.0,4928.0,1380.0,134.0,6604.0,TX,2008
Utah,28.0,48.0,1344.0,242.0,157.0,2110.0,UT,2008
Vermont,5.0,66.0,330.0,119.0,220.0,726.0,VT,2008
Virginia,6.0,42.0,252.0,45.0,242.0,610.0,VA,2008
Washington,49.0,44.0,2156.0,862.0,151.0,3256.0,WA,2008
West Virginia,6.0,43.0,258.0,49.0,216.0,557.0,WV,2008
Wisconsin,58.0,80.0,4640.0,2366.0,150.0,6960.0,WI,2008
Alabama,9.0,50.0,450.0,68.0,186.0,837.0,AL,2009
Arizona,20.0,52.0,1040.0,562.0,145.0,1508.0,AZ,2009
Arkansas,24.0,57.0,1368.0,301.0,142.0,1943.0,AR,2009
California,355.0,33.0,11715.0,2109.0,139.0,16284.0,CA,2009
Colorado,28.0,53.0,1484.0,326.0,143.0,2122.0,CO,2009
Florida,170.0,68.0,11560.0,1618.0,142.0,16415.0,FL,2009
Georgia,65.0,41.0,2665.0,346.0,147.0,3918.0,GA,2009
Hawaii,10.0,95.0,950.0,323.0,176.0,1672.0,HI,2009
Idaho,103.0,46.0,4738.0,1706.0,152.0,7202.0,ID,2009
Illinois,8.0,34.0,272.0,57.0,255.0,694.0,IL,2009
Indiana,9.0,32.0,288.0,101.0,202.0,582.0,IN,2009
Iowa,26.0,42.0,1092.0,339.0,160.0,1747.0,IA,2009
Kansas,9.0,63.0,567.0,164.0,185.0,1049.0,KS,2009
Kentucky,5.0,35.0,175.0,25.0,271.0,474.0,KY,2009
Louisiana,37.0,103.0,3811.0,610.0,136.0,5183.0,LA,2009
Maine,6.0,50.0,300.0,51.0,195.0,585.0,ME,2009
Michigan,66.0,60.0,3960.0,1505.0,155.0,6138.0,MI,2009
Minnesota,122.0,65.0,7930.0,1427.0,144.0,11419.0,MN,2009
Mississippi,14.0,104.0,1456.0,87.0,132.0,1922.0,MS,2009
Missouri,11.0,47.0,517.0,57.0,199.0,1029.0,MO,2009
Montana,146.0,70.0,10220.0,3577.0,146.0,14921.0,MT,2009
Nebraska,48.0,56.0,2688.0,1102.0,146.0,3924.0,NE,2009
New Jersey,11.0,32.0,352.0,70.0,236.0,831.0,NJ,2009
New Mexico,7.0,60.0,420.0,143.0,159.0,668.0,NM,2009
New York,45.0,65.0,2925.0,936.0,193.0,5645.0,NY,2009
North Carolina,11.0,45.0,495.0,84.0,257.0,1272.0,NC,2009
North Dakota,450.0,77.0,34650.0,7623.0,138.0,47817.0,ND,2009
Ohio,11.0,50.0,550.0,132.0,281.0,1546.0,OH,2009
Oregon,55.0,34.0,1870.0,767.0,154.0,2880.0,OR,2009
Pennsylvania,21.0,40.0,840.0,319.0,203.0,1705.0,PA,2009
South Dakota,270.0,66.0,17820.0,6237.0,142.0,25304.0,SD,2009
Tennessee,7.0,51.0,357.0,86.0,237.0,846.0,TN,2009
Texas,89.0,63.0,5607.0,1065.0,139.0,7794.0,TX,2009
Utah,26.0,38.0,988.0,198.0,146.0,1442.0,UT,2009
Vermont,5.0,49.0,245.0,69.0,201.0,492.0,VT,2009
Virginia,6.0,39.0,234.0,56.0,345.0,807.0,VA,2009
Washington,62.0,44.0,2728.0,1064.0,158.0,4310.0,WA,2009
West Virginia,5.0,37.0,185.0,33.0,260.0,481.0,WV,2009
Wisconsin,63.0,60.0,3780.0,1588.0,158.0,5972.0,WI,2009
Alabama,9.0,54.0,486.0,73.0,240.0,1166.0,AL,2010
Arizona,24.0,77.0,1848.0,665.0,152.0,2809.0,AZ,2010
Arkansas,25.0,60.0,1500.0,360.0,147.0,2205.0,AR,2010
California,410.0,67.0,27470.0,6318.0,155.0,42579.0,CA,2010
Colorado,34.0,56.0,1904.0,533.0,152.0,2894.0,CO,2010
Florida,200.0,69.0,13800.0,1794.0,156.0,21528.0,FL,2010
Georgia,55.0,46.0,2530.0,152.0,167.0,4225.0,GA,2010
Hawaii,10.0,77.0,770.0,239.0,275.0,2118.0,HI,2010
Idaho,97.0,27.0,2619.0,1179.0,161.0,4217.0,ID,2010
Illinois,9.0,41.0,369.0,92.0,278.0,1026.0,IL,2010
Indiana,10.0,43.0,430.0,151.0,223.0,959.0,IN,2010
Iowa,27.0,49.0,1323.0,463.0,192.0,2540.0,IA,2010
Kansas,9.0,52.0,468.0,103.0,202.0,945.0,KS,2010
Kentucky,5.0,67.0,335.0,67.0,272.0,911.0,KY,2010
Louisiana,36.0,80.0,2880.0,288.0,150.0,4320.0,LA,2010
Maine,5.0,41.0,205.0,33.0,205.0,420.0,ME,2010
Michigan,71.0,58.0,4118.0,1524.0,167.0,6877.0,MI,2010
Minnesota,128.0,66.0,8448.0,1774.0,155.0,13094.0,MN,2010
Mississippi,16.0,98.0,1568.0,78.0,144.0,2258.0,MS,2010
Missouri,11.0,52.0,572.0,92.0,180.0,1030.0,MO,2010
Montana,157.0,74.0,11618.0,2905.0,158.0,18356.0,MT,2010
Nebraska,41.0,55.0,2255.0,902.0,151.0,3405.0,NE,2010
New Jersey,13.0,35.0,455.0,73.0,190.0,865.0,NJ,2010
New Mexico,7.0,66.0,462.0,157.0,158.0,730.0,NM,2010
New York,45.0,64.0,2880.0,1123.0,196.0,5645.0,NY,2010
North Carolina,13.0,46.0,598.0,144.0,266.0,1591.0,NC,2010
North Dakota,510.0,91.0,46410.0,12995.0,150.0,69615.0,ND,2010
Ohio,18.0,62.0,1116.0,346.0,228.0,2544.0,OH,2010
Oregon,59.0,39.0,2301.0,874.0,163.0,3751.0,OR,2010
Pennsylvania,30.0,37.0,1110.0,377.0,213.0,2364.0,PA,2010
South Dakota,265.0,58.0,15370.0,4765.0,151.0,23209.0,SD,2010
Tennessee,8.0,63.0,504.0,106.0,250.0,1260.0,TN,2010
Texas,100.0,72.0,7200.0,792.0,151.0,10872.0,TX,2010
Utah,26.0,30.0,780.0,195.0,153.0,1193.0,UT,2010
Vermont,4.0,65.0,260.0,73.0,310.0,806.0,VT,2010
Virginia,5.0,37.0,185.0,37.0,332.0,614.0,VA,2010
Washington,71.0,37.0,2627.0,1077.0,157.0,4124.0,WA,2010
West Virginia,5.0,40.0,200.0,40.0,239.0,478.0,WV,2010
Wisconsin,64.0,64.0,4096.0,1556.0,168.0,6881.0,WI,2010
Alabama,9.0,50.0,450.0,63.0,251.0,1130.0,AL,2011
Arizona,23.0,53.0,1219.0,427.0,155.0,1889.0,AZ,2011
Arkansas,22.0,64.0,1408.0,239.0,162.0,2281.0,AR,2011
California,370.0,48.0,17760.0,3730.0,165.0,29304.0,CA,2011
Colorado,31.0,55.0,1705.0,443.0,200.0,3410.0,CO,2011
Florida,180.0,61.0,10980.0,988.0,168.0,18446.0,FL,2011
Georgia,65.0,43.0,2795.0,196.0,165.0,4612.0,GA,2011
Hawaii,9.0,74.0,666.0,246.0,365.0,2431.0,HI,2011
Idaho,87.0,36.0,3132.0,1879.0,178.0,5575.0,ID,2011
Illinois,7.0,50.0,350.0,98.0,390.0,1365.0,IL,2011
Indiana,8.0,51.0,408.0,147.0,214.0,873.0,IN,2011
Iowa,25.0,62.0,1550.0,961.0,196.0,3038.0,IA,2011
Kansas,7.0,44.0,308.0,117.0,215.0,662.0,KS,2011
Kentucky,4.0,39.0,156.0,12.0,317.0,495.0,KY,2011
Louisiana,36.0,77.0,2772.0,471.0,167.0,4629.0,LA,2011
Maine,4.0,30.0,120.0,17.0,198.0,238.0,ME,2011
Michigan,74.0,64.0,4736.0,2084.0,181.0,8572.0,MI,2011
Minnesota,120.0,53.0,6360.0,2099.0,163.0,10367.0,MN,2011
Mississippi,18.0,115.0,2070.0,104.0,153.0,3167.0,MS,2011
Missouri,8.0,43.0,344.0,76.0,214.0,736.0,MO,2011
Montana,145.0,92.0,13340.0,3202.0,170.0,22678.0,MT,2011
Nebraska,41.0,59.0,2419.0,653.0,175.0,4233.0,NE,2011
New Jersey,11.0,41.0,451.0,135.0,370.0,1669.0,NJ,2011
New Mexico,7.0,56.0,392.0,153.0,169.0,662.0,NM,2011
New York,49.0,56.0,2744.0,1235.0,196.0,5378.0,NY,2011
North Carolina,14.0,62.0,868.0,95.0,283.0,2456.0,NC,2011
North Dakota,460.0,71.0,32660.0,7512.0,167.0,54542.0,ND,2011
Ohio,15.0,66.0,990.0,228.0,234.0,2317.0,OH,2011
Oregon,60.0,34.0,2040.0,755.0,168.0,3427.0,OR,2011
Pennsylvania,24.0,44.0,1056.0,306.0,255.0,2693.0,PA,2011
South Dakota,250.0,66.0,16500.0,4290.0,170.0,28050.0,SD,2011
Tennessee,7.0,44.0,308.0,68.0,293.0,902.0,TN,2011
Texas,78.0,58.0,4524.0,633.0,178.0,8053.0,TX,2011
Utah,23.0,39.0,897.0,170.0,175.0,1570.0,UT,2011
Vermont,4.0,43.0,172.0,43.0,231.0,397.0,VT,2011
Virginia,4.0,40.0,160.0,21.0,407.0,651.0,VA,2011
Washington,71.0,38.0,2698.0,836.0,193.0,5207.0,WA,2011
West Virginia,4.0,53.0,212.0,45.0,257.0,545.0,WV,2011
Wisconsin,57.0,63.0,3591.0,1508.0,189.0,6787.0,WI,2011
Alabama,8.0,54.0,432.0,65.0,247.0,1067.0,AL,2012
Arizona,22.0,46.0,1012.0,253.0,179.0,1811.0,AZ,2012
Arkansas,25.0,63.0,1575.0,189.0,198.0,3119.0,AR,2012
California,330.0,35.0,11550.0,3119.0,194.0,22407.0,CA,2012
Colorado,25.0,48.0,1200.0,468.0,207.0,2484.0,CO,2012
Florida,193.0,64.0,12352.0,1235.0,184.0,22728.0,FL,2012
Georgia,59.0,51.0,3009.0,181.0,192.0,5777.0,GA,2012
Hawaii,10.0,75.0,750.0,263.0,415.0,3113.0,HI,2012
Idaho,92.0,32.0,2944.0,530.0,163.0,4799.0,ID,2012
Illinois,7.0,61.0,427.0,145.0,355.0,1516.0,IL,2012
Indiana,8.0,59.0,472.0,203.0,254.0,1199.0,IN,2012
Iowa,37.0,61.0,2257.0,1196.0,217.0,4898.0,IA,2012
Kansas,6.0,55.0,330.0,125.0,228.0,752.0,KS,2012
Kentucky,5.0,51.0,255.0,41.0,315.0,803.0,KY,2012
Louisiana,41.0,86.0,3526.0,141.0,183.0,6453.0,LA,2012
Maine,4.0,34.0,136.0,24.0,239.0,325.0,ME,2012
Michigan,73.0,57.0,4161.0,1332.0,203.0,8447.0,MI,2012
Minnesota,125.0,67.0,8375.0,1591.0,192.0,16080.0,MN,2012
Mississippi,18.0,118.0,2124.0,64.0,177.0,3759.0,MS,2012
Missouri,7.0,53.0,371.0,108.0,280.0,1039.0,MO,2012
Montana,145.0,52.0,7540.0,2413.0,195.0,14703.0,MT,2012
Nebraska,43.0,65.0,2795.0,1146.0,193.0,5394.0,NE,2012
New Jersey,14.0,33.0,462.0,51.0,197.0,910.0,NJ,2012
New Mexico,5.0,52.0,260.0,99.0,339.0,881.0,NM,2012
New York,51.0,51.0,2601.0,988.0,223.0,5800.0,NY,2012
North Carolina,13.0,39.0,507.0,106.0,376.0,1906.0,NC,2012
North Dakota,480.0,69.0,33120.0,5962.0,192.0,63590.0,ND,2012
Ohio,18.0,60.0,1080.0,410.0,246.0,2657.0,OH,2012
Oregon,60.0,32.0,1920.0,845.0,216.0,4147.0,OR,2012
Pennsylvania,16.0,60.0,960.0,269.0,257.0,2467.0,PA,2012
South Dakota,260.0,63.0,16380.0,3604.0,195.0,31941.0,SD,2012
Tennessee,6.0,61.0,366.0,59.0,293.0,1072.0,TN,2012
Texas,92.0,52.0,4784.0,718.0,200.0,9568.0,TX,2012
Utah,25.0,38.0,950.0,209.0,187.0,1777.0,UT,2012
Vermont,4.0,60.0,240.0,53.0,239.0,574.0,VT,2012
Virginia,4.0,41.0,164.0,23.0,377.0,618.0,VA,2012
Washington,62.0,41.0,2542.0,1017.0,238.0,6050.0,WA,2012
West Virginia,6.0,48.0,288.0,95.0,291.0,838.0,WV,2012
Wisconsin,60.0,69.0,4140.0,1863.0,205.0,8487.0,WI,2012
Alabama,7.0,52.0,364.0,55.0,285.0,1037.0,AL,2013
Arizona,29.0,36.0,1044.0,251.0,196.0,2046.0,AZ,2013
Arkansas,22.0,60.0,1320.0,66.0,202.0,2666.0,AR,2013
California,330.0,33.0,10890.0,2505.0,211.0,22978.0,CA,2013
Colorado,26.0,43.0,1118.0,324.0,210.0,2348.0,CO,2013
Florida,220.0,61.0,13420.0,1074.0,203.0,27243.0,FL,2013
Georgia,67.0,50.0,3350.0,637.0,226.0,7571.0,GA,2013
Hawaii,13.0,83.0,1079.0,65.0,197.0,2126.0,HI,2013
Idaho,83.0,32.0,2656.0,1036.0,202.0,5365.0,ID,2013
Illinois,7.0,48.0,336.0,101.0,419.0,1408.0,IL,2013
Indiana,6.0,47.0,282.0,82.0,277.0,781.0,IN,2013
Iowa,39.0,48.0,1872.0,1217.0,245.0,4586.0,IA,2013
Kansas,6.0,46.0,276.0,39.0,250.0,690.0,KS,2013
Kentucky,3.0,41.0,123.0,17.0,325.0,400.0,KY,2013
Louisiana,50.0,98.0,4900.0,490.0,189.0,9261.0,LA,2013
Maine,7.0,43.0,301.0,27.0,314.0,945.0,ME,2013
Michigan,85.0,55.0,4675.0,982.0,216.0,10098.0,MI,2013
Minnesota,130.0,58.0,7540.0,1282.0,199.0,15005.0,MN,2013
Mississippi,17.0,116.0,1972.0,39.0,186.0,3668.0,MS,2013
Missouri,10.0,47.0,470.0,85.0,262.0,1231.0,MO,2013
Montana,159.0,94.0,14946.0,5231.0,209.0,31237.0,MT,2013
Nebraska,46.0,60.0,2760.0,1628.0,207.0,5713.0,NE,2013
New Jersey,11.0,44.0,484.0,34.0,419.0,2028.0,NJ,2013
New York,55.0,48.0,2640.0,1030.0,212.0,5597.0,NY,2013
North Carolina,10.0,38.0,380.0,84.0,367.0,1395.0,NC,2013
North Dakota,480.0,69.0,33120.0,6955.0,204.0,67565.0,ND,2013
Ohio,17.0,45.0,765.0,390.0,329.0,2517.0,OH,2013
Oregon,62.0,35.0,2170.0,456.0,239.0,5186.0,OR,2013
Pennsylvania,13.0,45.0,585.0,257.0,303.0,1773.0,PA,2013
South Dakota,265.0,56.0,14840.0,6381.0,207.0,30719.0,SD,2013
Tennessee,7.0,45.0,315.0,63.0,355.0,1118.0,TN,2013
Texas,106.0,59.0,6254.0,1689.0,210.0,13133.0,TX,2013
Utah,30.0,34.0,1020.0,92.0,209.0,2132.0,UT,2013
Vermont,3.0,51.0,153.0,46.0,389.0,595.0,VT,2013
Virginia,5.0,35.0,175.0,42.0,450.0,788.0,VA,2013
Washington,69.0,39.0,2691.0,1023.0,230.0,6189.0,WA,2013
West Virginia,6.0,46.0,276.0,83.0,366.0,1010.0,WV,2013
Wisconsin,59.0,60.0,3540.0,1558.0,238.0,8425.0,WI,2013
Alabama,7.0,53.0,371.0,26.0,353.0,1310.0,AL,2014
Arizona,26.0,39.0,1014.0,193.0,192.0,1947.0,AZ,2014
Arkansas,21.0,65.0,1365.0,137.0,204.0,2785.0,AR,2014
California,320.0,39.0,12480.0,2995.0,206.0,25709.0,CA,2014
Colorado,27.0,37.0,999.0,200.0,211.0,2108.0,CO,2014
Florida,245.0,60.0,14700.0,1029.0,208.0,30576.0,FL,2014
Georgia,73.0,62.0,4526.0,362.0,219.0,9912.0,GA,2014
Hawaii,15.0,93.0,1395.0,140.0,229.0,3195.0,HI,2014
Idaho,100.0,34.0,3400.0,850.0,203.0,6902.0,ID,2014
Illinois,8.0,49.0,392.0,94.0,411.0,1611.0,IL,2014
Indiana,5.0,62.0,310.0,115.0,319.0,989.0,IN,2014
Iowa,35.0,43.0,1505.0,933.0,241.0,3627.0,IA,2014
Kansas,7.0,75.0,525.0,84.0,238.0,1250.0,KS,2014
Kentucky,5.0,47.0,235.0,56.0,396.0,931.0,KY,2014
Louisiana,48.0,84.0,4032.0,524.0,218.0,8790.0,LA,2014
Maine,8.0,47.0,376.0,41.0,499.0,1876.0,ME,2014
Michigan,91.0,63.0,5733.0,1835.0,249.0,14275.0,MI,2014
Minnesota,132.0,60.0,7920.0,1426.0,206.0,16315.0,MN,2014
Mississippi,20.0,112.0,2240.0,45.0,201.0,4502.0,MS,2014
Missouri,12.0,47.0,564.0,96.0,363.0,2047.0,MO,2014
Montana,162.0,88.0,14256.0,5132.0,209.0,29795.0,MT,2014
Nebraska,50.0,75.0,3750.0,1688.0,204.0,7650.0,NE,2014
New Jersey,12.0,30.0,360.0,119.0,313.0,1127.0,NJ,2014
New York,60.0,55.0,3300.0,1518.0,283.0,9339.0,NY,2014
North Carolina,12.0,43.0,516.0,88.0,349.0,1801.0,NC,2014
North Dakota,490.0,86.0,42140.0,9271.0,199.0,83859.0,ND,2014
Ohio,15.0,61.0,915.0,256.0,358.0,3276.0,OH,2014
Oregon,71.0,40.0,2840.0,767.0,220.0,6248.0,OR,2014
Pennsylvania,17.0,46.0,782.0,203.0,291.0,2276.0,PA,2014
South Carolina,9.0,54.0,486.0,19.0,397.0,1929.0,SC,2014
South Dakota,280.0,87.0,24360.0,5846.0,208.0,50669.0,SD,2014
Tennessee,7.0,63.0,441.0,88.0,376.0,1658.0,TN,2014
Texas,116.0,78.0,9048.0,2081.0,224.0,20268.0,TX,2014
Utah,29.0,28.0,812.0,130.0,213.0,1730.0,UT,2014
Vermont,3.0,58.0,174.0,61.0,489.0,851.0,VT,2014
Virginia,6.0,41.0,246.0,57.0,468.0,1151.0,VA,2014
Washington,68.0,44.0,2992.0,1167.0,261.0,7809.0,WA,2014
West Virginia,6.0,31.0,186.0,33.0,407.0,757.0,WV,2014
Wisconsin,53.0,54.0,2862.0,1030.0,238.0,6812.0,WI,2014
Alabama,7.0,47.0,329.0,13.0,383.0,1260.0,AL,2015
Arizona,26.0,49.0,1274.0,306.0,203.0,2586.0,AZ,2015
Arkansas,24.0,72.0,1728.0,121.0,206.0,3560.0,AR,2015
California,275.0,30.0,8250.0,1485.0,203.0,16748.0,CA,2015
Colorado,29.0,51.0,1479.0,399.0,226.0,3343.0,CO,2015
Florida,220.0,54.0,11880.0,832.0,197.0,23404.0,FL,2015
Georgia,69.0,40.0,2760.0,221.0,243.0,6707.0,GA,2015
Hawaii,14.0,102.0,1428.0,71.0,191.0,2727.0,HI,2015
Idaho,89.0,32.0,2848.0,1082.0,193.0,5497.0,ID,2015
Illinois,8.0,51.0,408.0,155.0,466.0,1901.0,IL,2015
Indiana,6.0,53.0,318.0,165.0,323.0,1027.0,IN,2015
Iowa,36.0,50.0,1800.0,990.0,220.0,3960.0,IA,2015
Kansas,8.0,36.0,288.0,107.0,350.0,1008.0,KS,2015
Kentucky,5.0,46.0,230.0,55.0,404.0,929.0,KY,2015
Louisiana,44.0,99.0,4356.0,348.0,195.0,8494.0,LA,2015
Maine,10.0,47.0,470.0,47.0,543.0,2552.0,ME,2015
Michigan,90.0,58.0,5220.0,1984.0,244.0,12737.0,MI,2015
Minnesota,122.0,68.0,8296.0,2157.0,184.0,15265.0,MN,2015
Mississippi,15.0,83.0,1245.0,87.0,240.0,2988.0,MS,2015
Missouri,10.0,52.0,520.0,52.0,355.0,1846.0,MO,2015
Montana,146.0,83.0,12118.0,3757.0,194.0,23509.0,MT,2015
Nebraska,57.0,48.0,2736.0,1450.0,204.0,5581.0,NE,2015
New Jersey,12.0,27.0,324.0,207.0,420.0,1361.0,NJ,2015
New York,58.0,62.0,3596.0,899.0,294.0,10572.0,NY,2015
North Carolina,12.0,45.0,540.0,103.0,451.0,2435.0,NC,2015
North Dakota,490.0,74.0,36260.0,9428.0,180.0,65268.0,ND,2015
Ohio,17.0,50.0,850.0,357.0,360.0,3060.0,OH,2015
Oregon,71.0,38.0,2698.0,809.0,243.0,6556.0,OR,2015
Pennsylvania,17.0,53.0,901.0,225.0,362.0,3262.0,PA,2015
South Carolina,14.0,67.0,938.0,38.0,410.0,3846.0,SC,2015
South Dakota,290.0,66.0,19140.0,9379.0,179.0,34261.0,SD,2015
Tennessee,7.0,59.0,413.0,78.0,404.0,1669.0,TN,2015
Texas,126.0,66.0,8316.0,1164.0,210.0,17464.0,TX,2015
Utah,27.0,42.0,1134.0,147.0,192.0,2177.0,UT,2015
Vermont,5.0,52.0,260.0,62.0,423.0,1100.0,VT,2015
Virginia,6.0,38.0,228.0,50.0,553.0,1261.0,VA,2015
Washington,73.0,44.0,3212.0,1221.0,180.0,5782.0,WA,2015
West Virginia,5.0,35.0,175.0,32.0,444.0,777.0,WV,2015
Wisconsin,52.0,67.0,3484.0,1603.0,243.0,8466.0,WI,2015
Alabama,7.0,52.0,364.0,33.0,345.0,1256.0,AL,2016
Arizona,27.0,46.0,1242.0,261.0,197.0,2447.0,AZ,2016
Arkansas,24.0,69.0,1656.0,99.0,185.0,3064.0,AR,2016
California,310.0,36.0,11160.0,2009.0,204.0,22766.0,CA,2016
Colorado,32.0,40.0,1280.0,282.0,224.0,2867.0,CO,2016
Florida,215.0,50.0,10750.0,538.0,243.0,26123.0,FL,2016
Georgia,96.0,39.0,3744.0,899.0,269.0,10071.0,GA,2016
Hawaii,16.0,113.0,1808.0,127.0,231.0,4176.0,HI,2016
Idaho,97.0,34.0,3298.0,1253.0,182.0,6002.0,ID,2016
Illinois,10.0,48.0,480.0,77.0,542.0,2602.0,IL,2016
Indiana,7.0,62.0,434.0,208.0,346.0,1502.0,IN,2016
Iowa,37.0,48.0,1776.0,746.0,208.0,3694.0,IA,2016
Kansas,7.0,48.0,336.0,54.0,304.0,1021.0,KS,2016
Kentucky,5.0,46.0,230.0,48.0,402.0,925.0,KY,2016
Louisiana,50.0,86.0,4300.0,301.0,194.0,8342.0,LA,2016
Maine,12.0,34.0,408.0,65.0,338.0,1379.0,ME,2016
Michigan,89.0,60.0,5340.0,1709.0,237.0,12656.0,MI,2016
Minnesota,124.0,59.0,7316.0,1390.0,169.0,12364.0,MN,2016
Mississippi,19.0,85.0,1615.0,113.0,173.0,2794.0,MS,2016
Missouri,8.0,62.0,496.0,30.0,231.0,1146.0,MO,2016
Montana,159.0,77.0,12243.0,3183.0,177.0,21670.0,MT,2016
Nebraska,48.0,46.0,2208.0,640.0,191.0,4217.0,NE,2016
New Jersey,12.0,27.0,324.0,198.0,709.0,2297.0,NJ,2016
New York,64.0,57.0,3648.0,1167.0,319.0,11637.0,NY,2016
North Carolina,12.0,37.0,444.0,89.0,478.0,2122.0,NC,2016
North Dakota,485.0,78.0,37830.0,6809.0,185.0,69986.0,ND,2016
Ohio,15.0,79.0,1185.0,664.0,393.0,4657.0,OH,2016
Oregon,74.0,35.0,2590.0,622.0,191.0,4947.0,OR,2016
Pennsylvania,19.0,50.0,950.0,266.0,303.0,2879.0,PA,2016
South Carolina,16.0,45.0,720.0,36.0,457.0,3290.0,SC,2016
South Dakota,280.0,71.0,19880.0,12127.0,176.0,34989.0,SD,2016
Tennessee,6.0,55.0,330.0,69.0,488.0,1610.0,TN,2016
Texas,133.0,70.0,9310.0,2607.0,208.0,19365.0,TX,2016
Utah,31.0,32.0,992.0,169.0,193.0,1915.0,UT,2016
Vermont,6.0,52.0,312.0,69.0,364.0,1136.0,VT,2016
Virginia,5.0,38.0,190.0,30.0,585.0,1112.0,VA,2016
Washington,84.0,35.0,2940.0,412.0,199.0,5851.0,WA,2016
West Virginia,5.0,32.0,160.0,43.0,392.0,627.0,WV,2016
Wisconsin,54.0,62.0,3348.0,1205.0,267.0,8939.0,WI,2016
Alabama,7.0,45.0,315.0,22.0,288.0,907.0,AL,2017
Arizona,22.0,40.0,880.0,97.0,199.0,1751.0,AZ,2017
Arkansas,29.0,68.0,1972.0,197.0,197.0,3885.0,AR,2017
California,335.0,41.0,13735.0,2198.0,216.0,29668.0,CA,2017
Colorado,33.0,43.0,1419.0,284.0,209.0,2966.0,CO,2017
Florida,205.0,43.0,8815.0,529.0,237.0,20892.0,FL,2017
Georgia,99.0,32.0,3168.0,190.0,300.0,9504.0,GA,2017
Hawaii,19.0,131.0,2489.0,25.0,153.0,3808.0,HI,2017
Idaho,95.0,44.0,4180.0,1045.0,179.0,7482.0,ID,2017
Illinois,11.0,46.0,506.0,167.0,509.0,2576.0,IL,2017
Indiana,8.0,52.0,416.0,158.0,361.0,1502.0,IN,2017
Iowa,35.0,58.0,2030.0,1035.0,226.0,4588.0,IA,2017
Kansas,7.0,79.0,553.0,260.0,403.0,2229.0,KS,2017
Kentucky,5.0,38.0,190.0,42.0,413.0,785.0,KY,2017
Louisiana,43.0,81.0,3483.0,279.0,193.0,6722.0,LA,2017
Maine,12.0,33.0,396.0,51.0,500.0,1980.0,ME,2017
Michigan,87.0,45.0,3915.0,822.0,242.0,9474.0,MI,2017
Minnesota,126.0,62.0,7812.0,1016.0,193.0,15077.0,MN,2017
Mississippi,18.0,86.0,1548.0,124.0,182.0,2817.0,MS,2017
Missouri,8.0,65.0,520.0,57.0,370.0,1924.0,MO,2017
Montana,145.0,72.0,10440.0,2506.0,221.0,23072.0,MT,2017
Nebraska,42.0,63.0,2646.0,423.0,191.0,5054.0,NE,2017
New Jersey,13.0,28.0,364.0,167.0,874.0,3181.0,NJ,2017
New York,57.0,56.0,3192.0,766.0,303.0,9672.0,NY,2017
North Carolina,11.0,41.0,451.0,99.0,458.0,2066.0,NC,2017
North Dakota,455.0,74.0,33670.0,4377.0,191.0,64310.0,ND,2017
Ohio,15.0,73.0,1095.0,657.0,324.0,3548.0,OH,2017
Oregon,78.0,40.0,3120.0,998.0,210.0,6552.0,OR,2017
Pennsylvania,16.0,46.0,736.0,177.0,351.0,2583.0,PA,2017
South Carolina,16.0,34.0,544.0,27.0,270.0,1469.0,SC,2017
South Dakota,255.0,57.0,14535.0,6541.0,207.0,30087.0,SD,2017
Tennessee,7.0,41.0,287.0,75.0,457.0,1312.0,TN,2017
Texas,120.0,66.0,7920.0,2297.0,217.0,17186.0,TX,2017
Utah,27.0,31.0,837.0,67.0,208.0,1741.0,UT,2017
Vermont,7.0,54.0,378.0,144.0,402.0,1520.0,VT,2017
Virginia,6.0,35.0,210.0,46.0,577.0,1212.0,VA,2017
Washington,77.0,45.0,3465.0,1594.0,244.0,8455.0,WA,2017
West Virginia,6.0,40.0,240.0,50.0,393.0,943.0,WV,2017
Wisconsin,53.0,56.0,2968.0,683.0,282.0,8370.0,WI,2017
Alabama,6.0,45.0,270.0,14.0,357.0,964.0,AL,2018
Arizona,24.0,38.0,912.0,109.0,282.0,2572.0,AZ,2018
Arkansas,28.0,50.0,1400.0,84.0,187.0,2618.0,AR,2018
California,335.0,41.0,13735.0,3022.0,206.0,28294.0,CA,2018
Colorado,31.0,48.0,1488.0,283.0,202.0,3006.0,CO,2018
Florida,215.0,49.0,10535.0,737.0,240.0,25284.0,FL,2018
Georgia,98.0,34.0,3332.0,200.0,279.0,9296.0,GA,2018
Hawaii,17.0,103.0,1751.0,18.0,183.0,3204.0,HI,2018
Idaho,96.0,31.0,2976.0,655.0,196.0,5833.0,ID,2018
Illinois,11.0,41.0,451.0,108.0,501.0,2260.0,IL,2018
Indiana,7.0,46.0,322.0,106.0,375.0,1208.0,IN,2018
Iowa,38.0,49.0,1862.0,1005.0,235.0,4376.0,IA,2018
Kansas,5.0,73.0,365.0,95.0,300.0,1095.0,KS,2018
Kentucky,4.0,41.0,164.0,34.0,542.0,889.0,KY,2018
Louisiana,45.0,83.0,3735.0,261.0,190.0,7097.0,LA,2018
Maine,12.0,32.0,384.0,92.0,268.0,1029.0,ME,2018
Michigan,92.0,44.0,4048.0,729.0,237.0,9594.0,MI,2018
Minnesota,119.0,61.0,7259.0,1161.0,188.0,13647.0,MN,2018
Mississippi,20.0,87.0,1740.0,70.0,205.0,3567.0,MS,2018
Missouri,9.0,45.0,405.0,36.0,258.0,1045.0,MO,2018
Montana,160.0,92.0,14720.0,3680.0,192.0,28262.0,MT,2018
Nebraska,40.0,59.0,2360.0,850.0,199.0,4696.0,NE,2018
New Jersey,13.0,31.0,403.0,165.0,735.0,2962.0,NJ,2018
New York,56.0,48.0,2688.0,833.0,334.0,8978.0,NY,2018
North Carolina,10.0,33.0,330.0,63.0,555.0,1832.0,NC,2018
North Dakota,530.0,72.0,38160.0,4579.0,188.0,71741.0,ND,2018
Ohio,14.0,73.0,1022.0,491.0,361.0,3689.0,OH,2018
Oregon,93.0,35.0,3255.0,1009.0,222.0,7226.0,OR,2018
Pennsylvania,19.0,44.0,836.0,309.0,373.0,3118.0,PA,2018
South Carolina,16.0,48.0,768.0,15.0,304.0,2335.0,SC,2018
South Dakota,255.0,47.0,11985.0,5154.0,198.0,23730.0,SD,2018
Tennessee,7.0,46.0,322.0,84.0,399.0,1285.0,TN,2018
Texas,132.0,56.0,7392.0,1035.0,206.0,15228.0,TX,2018
Utah,26.0,41.0,1066.0,75.0,209.0,2228.0,UT,2018
Vermont,7.0,48.0,336.0,94.0,366.0,1230.0,VT,2018
Virginia,4.0,40.0,160.0,35.0,683.0,1093.0,VA,2018
Washington,77.0,43.0,3311.0,563.0,211.0,6986.0,WA,2018
West Virginia,6.0,37.0,222.0,38.0,416.0,924.0,WV,2018
Wisconsin,51.0,45.0,2295.0,711.0,276.0,6334.0,WI,2018
